{"cameraMode":{"drawMode":0,"name":"Shaded","section":"Shading Mode"},"sceneLighting":true,"audioPlay":false,"sceneViewState":{"showFog":false,"showMaterialUpdate":false,"showSkybox":false,"showFlares":false,"showImageEffects":false,"showParticleSystems":false},"in2DMode":false,"pivot":{"x":-0.004395312629640102,"y":0.15122777223587037,"z":-6.998004913330078},"rotation":{"x":0.15372636914253236,"y":0.14322657883167268,"z":-0.022526396438479425,"w":0.9774186611175537},"size":0.36657005548477175,"orthographic":false}